-- phpMyAdmin SQL Dump
-- version 5.2.0
-- https://www.phpmyadmin.net/
--
-- Servidor: 127.0.0.1
-- Tiempo de generación: 07-05-2024 a las 11:44:02
-- Versión del servidor: 10.4.27-MariaDB
-- Versión de PHP: 8.2.0

SET SQL_MODE = "NO_AUTO_VALUE_ON_ZERO";
START TRANSACTION;
SET time_zone = "+00:00";


/*!40101 SET @OLD_CHARACTER_SET_CLIENT=@@CHARACTER_SET_CLIENT */;
/*!40101 SET @OLD_CHARACTER_SET_RESULTS=@@CHARACTER_SET_RESULTS */;
/*!40101 SET @OLD_COLLATION_CONNECTION=@@COLLATION_CONNECTION */;
/*!40101 SET NAMES utf8mb4 */;

--
-- Base de datos: `motormaniacs`
--

-- --------------------------------------------------------

--
-- Estructura de tabla para la tabla `carreras`
--

CREATE TABLE `carreras` (
  `carrera_id` int(11) NOT NULL,
  `circuito` varchar(40) NOT NULL,
  `fecha` varchar(30) DEFAULT NULL
) ENGINE=InnoDB DEFAULT CHARSET=latin1 COLLATE=latin1_spanish_ci;

--
-- Volcado de datos para la tabla `carreras`
--

INSERT INTO `carreras` (`carrera_id`, `circuito`, `fecha`) VALUES
(1, 'Atalanta Motor Speedway', '2024-02-11'),
(2, 'Bristol Motor Speedway', '2024-02-18'),
(3, 'Charlotte Motor Speedway', '2024-02-25'),
(4, 'Chicago Street Course', '2024-03-03'),
(5, 'Circuit of the Americas', '2024-03-10'),
(6, 'Darlington Raceway', '2024-03-17'),
(7, 'Daytona International Speedway', '2024-03-24'),
(8, 'Dover Motor Speedway', '2024-03-31'),
(9, 'Homeestead-Miami Speedway', '2024-04-07'),
(10, 'Indianapolis Motor Speedway (Oval)', '2024-04-14'),
(11, 'Iowa Speedway', '2024-04-21'),
(12, 'Kansas Speedway', '2024-04-28'),
(13, 'Las Vegas Motor Speedway', '2024-05-05'),
(14, 'Los Angeles Memorial Coliseum', '2024-05-12'),
(15, 'Lucas Oil Indianapolis Raceway Park', '2024-05-19'),
(16, 'Martinsville Speedway', '2024-05-26'),
(17, 'Michigan International Speedway', '2024-06-02'),
(18, 'Milwaukee Mile', '2024-06-09'),
(19, 'Nashville Superspeedway', '2024-06-16'),
(20, 'New Hampshire Motor Speedway', '2024-06-23'),
(21, 'North Wilkesboro Speedway', '2024-06-30'),
(22, 'Phoenix Raceway', '2024-07-07'),
(23, 'Pocono Raceway', '2024-07-14'),
(24, 'Portland International Raceway', '2024-07-21'),
(25, 'Richmond Raceway', '2024-07-28'),
(26, 'Sonoma Raceway', '2024-08-04'),
(27, 'Talladega Superspeedway', '2024-08-11'),
(28, 'Texas Motor Speedway', '2024-08-18'),
(29, 'Watkins Glen International', '2024-08-25'),
(30, 'World Wide Technology Raceway', '2024-09-01'),
(31, 'Road America', '2024-09-08'),
(32, 'Auto Club Speedway', '2024-09-15'),
(33, 'Charlotte Roval', '2024-09-22'),
(34, 'Indianapolis Motor Speedway (Road)', '2024-09-29'),
(36, 'circuito prueba', '2024-04-13');

-- --------------------------------------------------------

--
-- Estructura de tabla para la tabla `equipos`
--

CREATE TABLE `equipos` (
  `Equipo_id` int(11) NOT NULL,
  `Nombre` varchar(40) NOT NULL,
  `Estado` enum('compitiendo','retirado') DEFAULT NULL
) ENGINE=InnoDB DEFAULT CHARSET=latin1 COLLATE=latin1_spanish_ci;

--
-- Volcado de datos para la tabla `equipos`
--

INSERT INTO `equipos` (`Equipo_id`, `Nombre`, `Estado`) VALUES
(1, 'Hendrick Motorsports', 'compitiendo'),
(2, 'Joe Gibbs Racing', 'compitiendo'),
(3, 'Team Penske', 'compitiendo'),
(4, 'Trackhouse Racing', 'compitiendo'),
(5, '23XI Racing', 'compitiendo'),
(6, 'Front Row Motorsports', 'compitiendo'),
(7, 'RFK Racing', 'compitiendo'),
(8, 'Kauling Racing', 'compitiendo'),
(9, 'Stewart Haas Racing', 'compitiendo'),
(10, 'Spire Motorsports', 'compitiendo'),
(11, 'Richard Clidress Racing', 'compitiendo'),
(12, 'JTG Daugherty Racing', 'compitiendo'),
(13, 'Wood Brothers Racing', 'compitiendo'),
(14, 'Legacy Motor Club', 'compitiendo'),
(15, 'Live Fast Motorsports', 'compitiendo'),
(16, 'Beard Motorsports', 'compitiendo'),
(17, 'Furniture Row Motorsports', 'retirado'),
(18, 'StarCom Racing', 'retirado'),
(19, 'Chip Ganassi Racing', 'retirado'),
(20, 'Swan Racing', 'retirado'),
(21, 'Darrell Waltrip Motorsports', 'retirado'),
(22, 'Rick Ware Racing', 'compitiendo'),
(23, 'Equipo A', 'retirado'),
(24, 'asdfasdfasdf', 'retirado'),
(25, 'asdfasdfasdfd', 'retirado'),
(26, 'asdfasdfasdfda', 'compitiendo');

-- --------------------------------------------------------

--
-- Estructura de tabla para la tabla `pilotos`
--

CREATE TABLE `pilotos` (
  `Piloto_id` int(11) NOT NULL,
  `Equipo_id` int(11) DEFAULT NULL,
  `Nombre` varchar(40) NOT NULL,
  `Apellido` varchar(40) NOT NULL,
  `Estado` enum('compitiendo','retirado') NOT NULL,
  `Numero` int(11) DEFAULT NULL
) ENGINE=InnoDB DEFAULT CHARSET=latin1 COLLATE=latin1_spanish_ci;

--
-- Volcado de datos para la tabla `pilotos`
--

INSERT INTO `pilotos` (`Piloto_id`, `Equipo_id`, `Nombre`, `Apellido`, `Estado`, `Numero`) VALUES
(1, 4, 'Ross', 'Chastain', 'compitiendo', 1),
(2, 3, 'Austin', 'Cindric', 'compitiendo', 2),
(3, 11, 'Austin', 'Dillon', 'compitiendo', 3),
(4, 9, 'Josh', 'Berry', 'compitiendo', 4),
(5, 1, 'Kyle', 'Larson', 'compitiendo', 5),
(6, 7, 'Brad', 'Keselowski', 'compitiendo', 6),
(7, 10, 'Corey', 'LaJoie', 'compitiendo', 7),
(8, 11, 'Kyle', 'Busch', 'compitiendo', 8),
(9, 1, 'Chase', 'Elliott', 'compitiendo', 9),
(10, 9, 'Noah', 'Gragson', 'compitiendo', 10),
(11, 2, 'Denny', 'Hamlin', 'compitiendo', 11),
(12, 3, 'Ryan', 'Blaney', 'compitiendo', 12),
(13, 9, 'Chase', 'Briscoe', 'compitiendo', 14),
(14, 22, 'Kaz', 'Grala', 'compitiendo', 15),
(15, 8, 'Josh', 'Williams', 'compitiendo', 16),
(16, 7, 'Chris', 'Buescher', 'compitiendo', 17),
(17, 2, 'Martin', 'Truex Jr.', 'compitiendo', 19),
(18, 2, 'Christopher', 'Bell', 'compitiendo', 20),
(19, 13, 'Harrison', 'Burton', 'compitiendo', 21),
(20, 3, 'Joey', 'Logano', 'compitiendo', 22),
(21, 5, 'Bubba', 'Wallace', 'compitiendo', 23),
(22, 1, 'William', 'Byron', 'compitiendo', 24),
(23, 8, 'Daniel', 'Hemric', 'compitiendo', 31),
(24, 6, 'Michael', 'McDowell', 'compitiendo', 34),
(25, 6, 'Todd', 'Gilliland', 'compitiendo', 38),
(26, 9, 'Ryan', 'Preece', 'compitiendo', 41),
(27, 14, 'John Hunter', 'Nemecheck', 'compitiendo', 42),
(28, 14, 'Erik', 'Jones', 'compitiendo', 43),
(29, 5, 'Tyler', 'Reddick', 'compitiendo', 45),
(30, 12, 'Ricky', 'Stenhouse Jr.', 'compitiendo', 47),
(31, 1, 'Alex', 'Bowman', 'compitiendo', 48),
(32, 22, 'Justin', 'Haley', 'compitiendo', 51),
(33, 2, 'Ty', 'Gibbs', 'compitiendo', 54),
(34, 10, 'Zane', 'Smith', 'compitiendo', 71),
(35, 10, 'Carson', 'Hocevar', 'compitiendo', 77),
(36, 4, 'Daniel', 'Suarez', 'compitiendo', 99),
(37, NULL, 'Kurt', 'Busch', 'retirado', NULL),
(38, NULL, 'Kevin', 'Harvick', 'retirado', NULL),
(39, NULL, 'Ryan', 'Newman', 'retirado', NULL),
(40, NULL, 'Tony', 'Stewart', 'retirado', NULL),
(41, NULL, 'Jeff', 'Gordon', 'retirado', NULL),
(42, NULL, 'Rusty', 'Wallace', 'retirado', NULL),
(43, NULL, 'Carl', 'Edwards', 'retirado', NULL),
(44, NULL, 'Dale', 'Earnhardt Jr.', 'retirado', NULL),
(45, NULL, 'Jimmie', 'Johnson', 'retirado', NULL),
(46, NULL, 'Clint', 'Bowyer', 'retirado', NULL),
(47, NULL, 'Ricky', 'Rudd', 'retirado', NULL),
(48, NULL, 'Richard', 'Petty', 'retirado', NULL),
(49, NULL, 'Kasey', 'Kanhe', 'retirado', NULL),
(50, NULL, 'Matt', 'Kenseth', 'retirado', NULL),
(102, NULL, 'juan', 'juanez', 'compitiendo', 67),
(105, NULL, 'Piloto', 'Pruebaaa', 'retirado', 222);

-- --------------------------------------------------------

--
-- Estructura de tabla para la tabla `premios`
--

CREATE TABLE `premios` (
  `Premio_id` int(11) NOT NULL,
  `Piloto_id` int(11) NOT NULL,
  `Equipo_id` int(11) NOT NULL,
  `Premio` varchar(40) NOT NULL
) ENGINE=InnoDB DEFAULT CHARSET=latin1 COLLATE=latin1_spanish_ci;

--
-- Volcado de datos para la tabla `premios`
--

INSERT INTO `premios` (`Premio_id`, `Piloto_id`, `Equipo_id`, `Premio`) VALUES
(1, 29, 5, 'Novato del Año'),
(2, 29, 5, 'Campeon Temporada'),
(3, 29, 5, 'Piloto Favorito del Año'),
(4, 35, 10, 'Piloto Favorito del Año');

-- --------------------------------------------------------

--
-- Estructura de tabla para la tabla `resultados`
--

CREATE TABLE `resultados` (
  `Resultado_id` int(11) NOT NULL,
  `Piloto_id` int(11) NOT NULL,
  `Equipo_id` int(11) NOT NULL,
  `Carrera_id` int(11) NOT NULL,
  `Posicion` int(11) NOT NULL,
  `Puntos` int(11) NOT NULL
) ENGINE=InnoDB DEFAULT CHARSET=latin1 COLLATE=latin1_spanish_ci;

--
-- Volcado de datos para la tabla `resultados`
--

INSERT INTO `resultados` (`Resultado_id`, `Piloto_id`, `Equipo_id`, `Carrera_id`, `Posicion`, `Puntos`) VALUES
(4074, 23, 8, 1, 1, 40),
(4075, 33, 2, 1, 2, 39),
(4076, 11, 2, 1, 3, 38),
(4077, 6, 7, 1, 4, 37),
(4078, 18, 2, 1, 5, 36),
(4079, 35, 10, 1, 6, 35),
(4080, 36, 4, 1, 7, 34),
(4081, 21, 5, 1, 8, 33),
(4082, 30, 12, 1, 9, 32),
(4083, 34, 10, 1, 10, 31),
(4084, 25, 6, 1, 11, 30),
(4085, 15, 8, 1, 12, 29),
(4086, 13, 9, 1, 13, 28),
(4087, 4, 9, 1, 14, 27),
(4088, 7, 10, 1, 15, 26),
(4089, 16, 7, 1, 16, 25),
(4090, 10, 9, 1, 17, 24),
(4091, 29, 5, 1, 18, 23),
(4092, 12, 3, 1, 19, 22),
(4093, 31, 1, 1, 20, 21),
(4094, 5, 1, 1, 21, 20),
(4095, 9, 1, 1, 22, 19),
(4096, 8, 11, 1, 23, 18),
(4097, 3, 11, 1, 24, 17),
(4098, 17, 2, 1, 25, 16),
(4099, 1, 4, 1, 26, 15),
(4100, 28, 14, 1, 27, 14),
(4101, 32, 22, 1, 28, 13),
(4102, 20, 3, 1, 29, 12),
(4103, 2, 3, 1, 30, 11),
(4104, 24, 6, 1, 31, 10),
(4105, 19, 13, 1, 32, 9),
(4106, 22, 1, 1, 33, 8),
(4107, 26, 9, 1, 34, 7),
(4108, 27, 14, 1, 35, 6),
(4109, 14, 22, 1, 36, 5),
(4110, 7, 10, 2, 1, 40),
(4111, 19, 13, 2, 2, 39),
(4112, 33, 2, 2, 3, 38),
(4113, 15, 8, 2, 4, 37),
(4114, 21, 5, 2, 5, 36),
(4115, 23, 8, 2, 6, 35),
(4116, 10, 9, 2, 7, 34),
(4117, 4, 9, 2, 8, 33),
(4118, 2, 3, 2, 9, 32),
(4119, 3, 11, 2, 10, 31),
(4120, 29, 5, 2, 11, 30),
(4121, 9, 1, 2, 12, 29),
(4122, 35, 10, 2, 13, 28),
(4123, 26, 9, 2, 14, 27),
(4124, 34, 10, 2, 15, 26),
(4125, 31, 1, 2, 16, 25),
(4126, 5, 1, 2, 17, 24),
(4127, 22, 1, 2, 18, 23),
(4128, 28, 14, 2, 19, 22),
(4129, 12, 3, 2, 20, 21),
(4130, 1, 4, 2, 21, 20),
(4131, 36, 4, 2, 22, 19),
(4132, 20, 3, 2, 23, 18),
(4133, 14, 22, 2, 24, 17),
(4134, 25, 6, 2, 25, 16),
(4135, 32, 22, 2, 26, 15),
(4136, 8, 11, 2, 27, 14),
(4137, 17, 2, 2, 28, 13),
(4138, 6, 7, 2, 29, 12),
(4139, 27, 14, 2, 30, 11),
(4140, 11, 2, 2, 31, 10),
(4141, 30, 12, 2, 32, 9),
(4142, 13, 9, 2, 33, 8),
(4143, 16, 7, 2, 34, 7),
(4144, 18, 2, 2, 35, 6),
(4145, 24, 6, 2, 36, 5),
(4146, 25, 6, 3, 1, 40),
(4147, 31, 1, 3, 2, 39),
(4148, 12, 3, 3, 3, 38),
(4149, 15, 8, 3, 4, 37),
(4150, 16, 7, 3, 5, 36),
(4151, 26, 9, 3, 6, 35),
(4152, 20, 3, 3, 7, 34),
(4153, 21, 5, 3, 8, 33),
(4154, 1, 4, 3, 9, 32),
(4155, 35, 10, 3, 10, 31),
(4156, 23, 8, 3, 11, 30),
(4157, 18, 2, 3, 12, 29),
(4158, 14, 22, 3, 13, 28),
(4159, 6, 7, 3, 14, 27),
(4160, 17, 2, 3, 15, 26),
(4161, 36, 4, 3, 16, 25),
(4162, 34, 10, 3, 17, 24),
(4163, 8, 11, 3, 18, 23),
(4164, 33, 2, 3, 19, 22),
(4165, 3, 11, 3, 20, 21),
(4166, 2, 3, 3, 21, 20),
(4167, 11, 2, 3, 22, 19),
(4168, 10, 9, 3, 23, 18),
(4169, 9, 1, 3, 24, 17),
(4170, 24, 6, 3, 25, 16),
(4171, 28, 14, 3, 26, 15),
(4172, 13, 9, 3, 27, 14),
(4173, 29, 5, 3, 28, 13),
(4174, 5, 1, 3, 29, 12),
(4175, 7, 10, 3, 30, 11),
(4176, 4, 9, 3, 31, 10),
(4177, 22, 1, 3, 32, 9),
(4178, 19, 13, 3, 33, 8),
(4179, 30, 12, 3, 34, 7),
(4180, 27, 14, 3, 35, 6),
(4181, 32, 22, 3, 36, 5),
(4182, 3, 11, 4, 1, 40),
(4183, 9, 1, 4, 2, 39),
(4184, 24, 6, 4, 3, 38),
(4185, 10, 9, 4, 4, 37),
(4186, 7, 10, 4, 5, 36),
(4187, 35, 10, 4, 6, 35),
(4188, 22, 1, 4, 7, 34),
(4189, 8, 11, 4, 8, 33),
(4190, 15, 8, 4, 9, 32),
(4191, 11, 2, 4, 10, 31),
(4192, 32, 22, 4, 11, 30),
(4193, 31, 1, 4, 12, 29),
(4194, 17, 2, 4, 13, 28),
(4195, 29, 5, 4, 14, 27),
(4196, 25, 6, 4, 15, 26),
(4197, 16, 7, 4, 16, 25),
(4198, 14, 22, 4, 17, 24),
(4199, 30, 12, 4, 18, 23),
(4200, 34, 10, 4, 19, 22),
(4201, 6, 7, 4, 20, 21),
(4202, 20, 3, 4, 21, 20),
(4203, 13, 9, 4, 22, 19),
(4204, 12, 3, 4, 23, 18),
(4205, 26, 9, 4, 24, 17),
(4206, 36, 4, 4, 25, 16),
(4207, 18, 2, 4, 26, 15),
(4208, 21, 5, 4, 27, 14),
(4209, 27, 14, 4, 28, 13),
(4210, 19, 13, 4, 29, 12),
(4211, 23, 8, 4, 30, 11),
(4212, 5, 1, 4, 31, 10),
(4213, 2, 3, 4, 32, 9),
(4214, 33, 2, 4, 33, 8),
(4215, 28, 14, 4, 34, 7),
(4216, 4, 9, 4, 35, 6),
(4217, 1, 4, 4, 36, 5),
(4218, 34, 10, 5, 1, 40),
(4219, 19, 13, 5, 2, 39),
(4220, 18, 2, 5, 3, 38),
(4221, 36, 4, 5, 4, 37),
(4222, 30, 12, 5, 5, 36),
(4223, 14, 22, 5, 6, 35),
(4224, 24, 6, 5, 7, 34),
(4225, 26, 9, 5, 8, 33),
(4226, 11, 2, 5, 9, 32),
(4227, 3, 11, 5, 10, 31),
(4228, 1, 4, 5, 11, 30),
(4229, 7, 10, 5, 12, 29),
(4230, 33, 2, 5, 13, 28),
(4231, 4, 9, 5, 14, 27),
(4232, 5, 1, 5, 15, 26),
(4233, 8, 11, 5, 16, 25),
(4234, 2, 3, 5, 17, 24),
(4235, 32, 22, 5, 18, 23),
(4236, 13, 9, 5, 19, 22),
(4237, 35, 10, 5, 20, 21),
(4238, 9, 1, 5, 21, 20),
(4239, 27, 14, 5, 22, 19),
(4240, 6, 7, 5, 23, 18),
(4241, 23, 8, 5, 24, 17),
(4242, 17, 2, 5, 25, 16),
(4243, 29, 5, 5, 26, 15),
(4244, 15, 8, 5, 27, 14),
(4245, 16, 7, 5, 28, 13),
(4246, 12, 3, 5, 29, 12),
(4247, 22, 1, 5, 30, 11),
(4248, 25, 6, 5, 31, 10),
(4249, 10, 9, 5, 32, 9),
(4250, 28, 14, 5, 33, 8),
(4251, 31, 1, 5, 34, 7),
(4252, 21, 5, 5, 35, 6),
(4253, 20, 3, 5, 36, 5),
(4254, 26, 9, 6, 1, 40),
(4255, 18, 2, 6, 2, 39),
(4256, 23, 8, 6, 3, 38),
(4257, 6, 7, 6, 4, 37),
(4258, 34, 10, 6, 5, 36),
(4259, 30, 12, 6, 6, 35),
(4260, 22, 1, 6, 7, 34),
(4261, 10, 9, 6, 8, 33),
(4262, 24, 6, 6, 9, 32),
(4263, 5, 1, 6, 10, 31),
(4264, 11, 2, 6, 11, 30),
(4265, 32, 22, 6, 12, 29),
(4266, 15, 8, 6, 13, 28),
(4267, 29, 5, 6, 14, 27),
(4268, 4, 9, 6, 15, 26),
(4269, 25, 6, 6, 16, 25),
(4270, 35, 10, 6, 17, 24),
(4271, 19, 13, 6, 18, 23),
(4272, 27, 14, 6, 19, 22),
(4273, 2, 3, 6, 20, 21),
(4274, 36, 4, 6, 21, 20),
(4275, 8, 11, 6, 22, 19),
(4276, 9, 1, 6, 23, 18),
(4277, 21, 5, 6, 24, 17),
(4278, 7, 10, 6, 25, 16),
(4279, 14, 22, 6, 26, 15),
(4280, 1, 4, 6, 27, 14),
(4281, 13, 9, 6, 28, 13),
(4282, 33, 2, 6, 29, 12),
(4283, 12, 3, 6, 30, 11),
(4284, 3, 11, 6, 31, 10),
(4285, 31, 1, 6, 32, 9),
(4286, 28, 14, 6, 33, 8),
(4287, 17, 2, 6, 34, 7),
(4288, 20, 3, 6, 35, 6),
(4289, 16, 7, 6, 36, 5),
(4290, 5, 1, 7, 1, 40),
(4291, 18, 2, 7, 2, 39),
(4292, 28, 14, 7, 3, 38),
(4293, 9, 1, 7, 4, 37),
(4294, 8, 11, 7, 5, 36),
(4295, 24, 6, 7, 6, 35),
(4296, 22, 1, 7, 7, 34),
(4297, 32, 22, 7, 8, 33),
(4298, 14, 22, 7, 9, 32),
(4299, 15, 8, 7, 10, 31),
(4300, 3, 11, 7, 11, 30),
(4301, 2, 3, 7, 12, 29),
(4302, 10, 9, 7, 13, 28),
(4303, 1, 4, 7, 14, 27),
(4304, 16, 7, 7, 15, 26),
(4305, 25, 6, 7, 16, 25),
(4306, 30, 12, 7, 17, 24),
(4307, 29, 5, 7, 18, 23),
(4308, 7, 10, 7, 19, 22),
(4309, 20, 3, 7, 20, 21),
(4310, 12, 3, 7, 21, 20),
(4311, 26, 9, 7, 22, 19),
(4312, 31, 1, 7, 23, 18),
(4313, 23, 8, 7, 24, 17),
(4314, 11, 2, 7, 25, 16),
(4315, 34, 10, 7, 26, 15),
(4316, 17, 2, 7, 27, 14),
(4317, 35, 10, 7, 28, 13),
(4318, 13, 9, 7, 29, 12),
(4319, 4, 9, 7, 30, 11),
(4320, 6, 7, 7, 31, 10),
(4321, 19, 13, 7, 32, 9),
(4322, 27, 14, 7, 33, 8),
(4323, 21, 5, 7, 34, 7),
(4324, 33, 2, 7, 35, 6),
(4325, 36, 4, 7, 36, 5),
(4326, 5, 1, 8, 1, 40),
(4327, 22, 1, 8, 2, 39),
(4328, 36, 4, 8, 3, 38),
(4329, 20, 3, 8, 4, 37),
(4330, 21, 5, 8, 5, 36),
(4331, 23, 8, 8, 6, 35),
(4332, 12, 3, 8, 7, 34),
(4333, 34, 10, 8, 8, 33),
(4334, 27, 14, 8, 9, 32),
(4335, 13, 9, 8, 10, 31),
(4336, 6, 7, 8, 11, 30),
(4337, 24, 6, 8, 12, 29),
(4338, 26, 9, 8, 13, 28),
(4339, 3, 11, 8, 14, 27),
(4340, 28, 14, 8, 15, 26),
(4341, 32, 22, 8, 16, 25),
(4342, 35, 10, 8, 17, 24),
(4343, 16, 7, 8, 18, 23),
(4344, 33, 2, 8, 19, 22),
(4345, 9, 1, 8, 20, 21),
(4346, 8, 11, 8, 21, 20),
(4347, 4, 9, 8, 22, 19),
(4348, 7, 10, 8, 23, 18),
(4349, 29, 5, 8, 24, 17),
(4350, 2, 3, 8, 25, 16),
(4351, 25, 6, 8, 26, 15),
(4352, 1, 4, 8, 27, 14),
(4353, 30, 12, 8, 28, 13),
(4354, 17, 2, 8, 29, 12),
(4355, 19, 13, 8, 30, 11),
(4356, 31, 1, 8, 31, 10),
(4357, 11, 2, 8, 32, 9),
(4358, 14, 22, 8, 33, 8),
(4359, 10, 9, 8, 34, 7),
(4360, 18, 2, 8, 35, 6),
(4361, 15, 8, 8, 36, 5),
(4362, 5, 1, 9, 1, 40),
(4363, 21, 5, 9, 2, 39),
(4364, 22, 1, 9, 3, 38),
(4365, 11, 2, 9, 4, 37),
(4366, 15, 8, 9, 5, 36),
(4367, 4, 9, 9, 6, 35),
(4368, 16, 7, 9, 7, 34),
(4369, 3, 11, 9, 8, 33),
(4370, 8, 11, 9, 9, 32),
(4371, 14, 22, 9, 10, 31),
(4372, 18, 2, 9, 11, 30),
(4373, 1, 4, 9, 12, 29),
(4374, 29, 5, 9, 13, 28),
(4375, 34, 10, 9, 14, 27),
(4376, 24, 6, 9, 15, 26),
(4377, 13, 9, 9, 16, 25),
(4378, 30, 12, 9, 17, 24),
(4379, 35, 10, 9, 18, 23),
(4380, 26, 9, 9, 19, 22),
(4381, 27, 14, 9, 20, 21),
(4382, 31, 1, 9, 21, 20),
(4383, 2, 3, 9, 22, 19),
(4384, 25, 6, 9, 23, 18),
(4385, 12, 3, 9, 24, 17),
(4386, 33, 2, 9, 25, 16),
(4387, 17, 2, 9, 26, 15),
(4388, 10, 9, 9, 27, 14),
(4389, 23, 8, 9, 28, 13),
(4390, 20, 3, 9, 29, 12),
(4391, 32, 22, 9, 30, 11),
(4392, 19, 13, 9, 31, 10),
(4393, 6, 7, 9, 32, 9),
(4394, 9, 1, 9, 33, 8),
(4395, 7, 10, 9, 34, 7),
(4396, 36, 4, 9, 35, 6),
(4397, 28, 14, 9, 36, 5),
(4398, 26, 9, 10, 1, 40),
(4399, 28, 14, 10, 2, 39),
(4400, 34, 10, 10, 3, 38),
(4401, 13, 9, 10, 4, 37),
(4402, 16, 7, 10, 5, 36),
(4403, 22, 1, 10, 6, 35),
(4404, 30, 12, 10, 7, 34),
(4405, 32, 22, 10, 8, 33),
(4406, 27, 14, 10, 9, 32),
(4407, 10, 9, 10, 10, 31),
(4408, 1, 4, 10, 11, 30),
(4409, 7, 10, 10, 12, 29),
(4410, 19, 13, 10, 13, 28),
(4411, 33, 2, 10, 14, 27),
(4412, 31, 1, 10, 15, 26),
(4413, 36, 4, 10, 16, 25),
(4414, 9, 1, 10, 17, 24),
(4415, 12, 3, 10, 18, 23),
(4416, 29, 5, 10, 19, 22),
(4417, 24, 6, 10, 20, 21),
(4418, 11, 2, 10, 21, 20),
(4419, 25, 6, 10, 22, 19),
(4420, 21, 5, 10, 23, 18),
(4421, 35, 10, 10, 24, 17),
(4422, 6, 7, 10, 25, 16),
(4423, 5, 1, 10, 26, 15),
(4424, 20, 3, 10, 27, 14),
(4425, 8, 11, 10, 28, 13),
(4426, 4, 9, 10, 29, 12),
(4427, 15, 8, 10, 30, 11),
(4428, 23, 8, 10, 31, 10),
(4429, 14, 22, 10, 32, 9),
(4430, 2, 3, 10, 33, 8),
(4431, 3, 11, 10, 34, 7),
(4432, 17, 2, 10, 35, 6),
(4433, 18, 2, 10, 36, 5),
(4434, 13, 9, 11, 1, 40),
(4435, 20, 3, 11, 2, 39),
(4436, 6, 7, 11, 3, 38),
(4437, 8, 11, 11, 4, 37),
(4438, 9, 1, 11, 5, 36),
(4439, 3, 11, 11, 6, 35),
(4440, 28, 14, 11, 7, 34),
(4441, 16, 7, 11, 8, 33),
(4442, 7, 10, 11, 9, 32),
(4443, 32, 22, 11, 10, 31),
(4444, 14, 22, 11, 11, 30),
(4445, 36, 4, 11, 12, 29),
(4446, 1, 4, 11, 13, 28),
(4447, 31, 1, 11, 14, 27),
(4448, 25, 6, 11, 15, 26),
(4449, 27, 14, 11, 16, 25),
(4450, 23, 8, 11, 17, 24),
(4451, 30, 12, 11, 18, 23),
(4452, 34, 10, 11, 19, 22),
(4453, 10, 9, 11, 20, 21),
(4454, 17, 2, 11, 21, 20),
(4455, 2, 3, 11, 22, 19),
(4456, 35, 10, 11, 23, 18),
(4457, 19, 13, 11, 24, 17),
(4458, 5, 1, 11, 25, 16),
(4459, 11, 2, 11, 26, 15),
(4460, 21, 5, 11, 27, 14),
(4461, 26, 9, 11, 28, 13),
(4462, 4, 9, 11, 29, 12),
(4463, 33, 2, 11, 30, 11),
(4464, 22, 1, 11, 31, 10),
(4465, 12, 3, 11, 32, 9),
(4466, 24, 6, 11, 33, 8),
(4467, 15, 8, 11, 34, 7),
(4468, 29, 5, 11, 35, 6),
(4469, 18, 2, 11, 36, 5),
(4470, 13, 9, 12, 1, 40),
(4471, 23, 8, 12, 2, 39),
(4472, 9, 1, 12, 3, 38),
(4473, 20, 3, 12, 4, 37),
(4474, 15, 8, 12, 5, 36),
(4475, 30, 12, 12, 6, 35),
(4476, 22, 1, 12, 7, 34),
(4477, 8, 11, 12, 8, 33),
(4478, 2, 3, 12, 9, 32),
(4479, 33, 2, 12, 10, 31),
(4480, 31, 1, 12, 11, 30),
(4481, 34, 10, 12, 12, 29),
(4482, 36, 4, 12, 13, 28),
(4483, 14, 22, 12, 14, 27),
(4484, 29, 5, 12, 15, 26),
(4485, 28, 14, 12, 16, 25),
(4486, 32, 22, 12, 17, 24),
(4487, 35, 10, 12, 18, 23),
(4488, 3, 11, 12, 19, 22),
(4489, 4, 9, 12, 20, 21),
(4490, 5, 1, 12, 21, 20),
(4491, 21, 5, 12, 22, 19),
(4492, 17, 2, 12, 23, 18),
(4493, 10, 9, 12, 24, 17),
(4494, 7, 10, 12, 25, 16),
(4495, 19, 13, 12, 26, 15),
(4496, 27, 14, 12, 27, 14),
(4497, 6, 7, 12, 28, 13),
(4498, 12, 3, 12, 29, 12),
(4499, 18, 2, 12, 30, 11),
(4500, 1, 4, 12, 31, 10),
(4501, 25, 6, 12, 32, 9),
(4502, 26, 9, 12, 33, 8),
(4503, 24, 6, 12, 34, 7),
(4504, 16, 7, 12, 35, 6),
(4505, 11, 2, 12, 36, 5),
(4506, 10, 9, 13, 1, 40),
(4507, 3, 11, 13, 2, 39),
(4508, 14, 22, 13, 3, 38),
(4509, 20, 3, 13, 4, 37),
(4510, 19, 13, 13, 5, 36),
(4511, 4, 9, 13, 6, 35),
(4512, 33, 2, 13, 7, 34),
(4513, 7, 10, 13, 8, 33),
(4514, 22, 1, 13, 9, 32),
(4515, 12, 3, 13, 10, 31),
(4516, 25, 6, 13, 11, 30),
(4517, 27, 14, 13, 12, 29),
(4518, 31, 1, 13, 13, 28),
(4519, 35, 10, 13, 14, 27),
(4520, 5, 1, 13, 15, 26),
(4521, 9, 1, 13, 16, 25),
(4522, 21, 5, 13, 17, 24),
(4523, 32, 22, 13, 18, 23),
(4524, 28, 14, 13, 19, 22),
(4525, 2, 3, 13, 20, 21),
(4526, 26, 9, 13, 21, 20),
(4527, 24, 6, 13, 22, 19),
(4528, 15, 8, 13, 23, 18),
(4529, 8, 11, 13, 24, 17),
(4530, 36, 4, 13, 25, 16),
(4531, 17, 2, 13, 26, 15),
(4532, 1, 4, 13, 27, 14),
(4533, 11, 2, 13, 28, 13),
(4534, 6, 7, 13, 29, 12),
(4535, 16, 7, 13, 30, 11),
(4536, 23, 8, 13, 31, 10),
(4537, 34, 10, 13, 32, 9),
(4538, 13, 9, 13, 33, 8),
(4539, 29, 5, 13, 34, 7),
(4540, 30, 12, 13, 35, 6),
(4541, 18, 2, 13, 36, 5),
(4542, 31, 1, 14, 1, 40),
(4543, 13, 9, 14, 2, 39),
(4544, 14, 22, 14, 3, 38),
(4545, 19, 13, 14, 4, 37),
(4546, 16, 7, 14, 5, 36),
(4547, 8, 11, 14, 6, 35),
(4548, 24, 6, 14, 7, 34),
(4549, 27, 14, 14, 8, 33),
(4550, 32, 22, 14, 9, 32),
(4551, 33, 2, 14, 10, 31),
(4552, 20, 3, 14, 11, 30),
(4553, 28, 14, 14, 12, 29),
(4554, 18, 2, 14, 13, 28),
(4555, 7, 10, 14, 14, 27),
(4556, 30, 12, 14, 15, 26),
(4557, 12, 3, 14, 16, 25),
(4558, 22, 1, 14, 17, 24),
(4559, 29, 5, 14, 18, 23),
(4560, 1, 4, 14, 19, 22),
(4561, 35, 10, 14, 20, 21),
(4562, 21, 5, 14, 21, 20),
(4563, 26, 9, 14, 22, 19),
(4564, 3, 11, 14, 23, 18),
(4565, 9, 1, 14, 24, 17),
(4566, 36, 4, 14, 25, 16),
(4567, 11, 2, 14, 26, 15),
(4568, 15, 8, 14, 27, 14),
(4569, 5, 1, 14, 28, 13),
(4570, 23, 8, 14, 29, 12),
(4571, 6, 7, 14, 30, 11),
(4572, 17, 2, 14, 31, 10),
(4573, 10, 9, 14, 32, 9),
(4574, 34, 10, 14, 33, 8),
(4575, 25, 6, 14, 34, 7),
(4576, 4, 9, 14, 35, 6),
(4577, 2, 3, 14, 36, 5),
(4578, 20, 3, 15, 1, 40),
(4579, 29, 5, 15, 2, 39),
(4580, 25, 6, 15, 3, 38),
(4581, 27, 14, 15, 4, 37),
(4582, 33, 2, 15, 5, 36),
(4583, 36, 4, 15, 6, 35),
(4584, 28, 14, 15, 7, 34),
(4585, 13, 9, 15, 8, 33),
(4586, 23, 8, 15, 9, 32),
(4587, 10, 9, 15, 10, 31),
(4588, 17, 2, 15, 11, 30),
(4589, 24, 6, 15, 12, 29),
(4590, 32, 22, 15, 13, 28),
(4591, 15, 8, 15, 14, 27),
(4592, 35, 10, 15, 15, 26),
(4593, 21, 5, 15, 16, 25),
(4594, 11, 2, 15, 17, 24),
(4595, 30, 12, 15, 18, 23),
(4596, 26, 9, 15, 19, 22),
(4597, 9, 1, 15, 20, 21),
(4598, 12, 3, 15, 21, 20),
(4599, 1, 4, 15, 22, 19),
(4600, 14, 22, 15, 23, 18),
(4601, 16, 7, 15, 24, 17),
(4602, 5, 1, 15, 25, 16),
(4603, 2, 3, 15, 26, 15),
(4604, 22, 1, 15, 27, 14),
(4605, 19, 13, 15, 28, 13),
(4606, 6, 7, 15, 29, 12),
(4607, 34, 10, 15, 30, 11),
(4608, 4, 9, 15, 31, 10),
(4609, 3, 11, 15, 32, 9),
(4610, 7, 10, 15, 33, 8),
(4611, 18, 2, 15, 34, 7),
(4612, 31, 1, 15, 35, 6),
(4613, 8, 11, 15, 36, 5),
(4614, 11, 2, 16, 1, 40),
(4615, 16, 7, 16, 2, 39),
(4616, 31, 1, 16, 3, 38),
(4617, 13, 9, 16, 4, 37),
(4618, 21, 5, 16, 5, 36),
(4619, 35, 10, 16, 6, 35),
(4620, 28, 14, 16, 7, 34),
(4621, 12, 3, 16, 8, 33),
(4622, 4, 9, 16, 9, 32),
(4623, 17, 2, 16, 10, 31),
(4624, 27, 14, 16, 11, 30),
(4625, 33, 2, 16, 12, 29),
(4626, 7, 10, 16, 13, 28),
(4627, 10, 9, 16, 14, 27),
(4628, 3, 11, 16, 15, 26),
(4629, 20, 3, 16, 16, 25),
(4630, 25, 6, 16, 17, 24),
(4631, 23, 8, 16, 18, 23),
(4632, 5, 1, 16, 19, 22),
(4633, 32, 22, 16, 20, 21),
(4634, 6, 7, 16, 21, 20),
(4635, 36, 4, 16, 22, 19),
(4636, 22, 1, 16, 23, 18),
(4637, 9, 1, 16, 24, 17),
(4638, 1, 4, 16, 25, 16),
(4639, 18, 2, 16, 26, 15),
(4640, 30, 12, 16, 27, 14),
(4641, 26, 9, 16, 28, 13),
(4642, 29, 5, 16, 29, 12),
(4643, 2, 3, 16, 30, 11),
(4644, 8, 11, 16, 31, 10),
(4645, 19, 13, 16, 32, 9),
(4646, 14, 22, 16, 33, 8),
(4647, 34, 10, 16, 34, 7),
(4648, 24, 6, 16, 35, 6),
(4649, 15, 8, 16, 36, 5),
(4650, 32, 22, 17, 1, 40),
(4651, 22, 1, 17, 2, 39),
(4652, 5, 1, 17, 3, 38),
(4653, 8, 11, 17, 4, 37),
(4654, 19, 13, 17, 5, 36),
(4655, 31, 1, 17, 6, 35),
(4656, 30, 12, 17, 7, 34),
(4657, 33, 2, 17, 8, 33),
(4658, 2, 3, 17, 9, 32),
(4659, 24, 6, 17, 10, 31),
(4660, 7, 10, 17, 11, 30),
(4661, 11, 2, 17, 12, 29),
(4662, 17, 2, 17, 13, 28),
(4663, 27, 14, 17, 14, 27),
(4664, 12, 3, 17, 15, 26),
(4665, 26, 9, 17, 16, 25),
(4666, 20, 3, 17, 17, 24),
(4667, 1, 4, 17, 18, 23),
(4668, 25, 6, 17, 19, 22),
(4669, 10, 9, 17, 20, 21),
(4670, 23, 8, 17, 21, 20),
(4671, 4, 9, 17, 22, 19),
(4672, 13, 9, 17, 23, 18),
(4673, 15, 8, 17, 24, 17),
(4674, 29, 5, 17, 25, 16),
(4675, 6, 7, 17, 26, 15),
(4676, 3, 11, 17, 27, 14),
(4677, 35, 10, 17, 28, 13),
(4678, 9, 1, 17, 29, 12),
(4679, 21, 5, 17, 30, 11),
(4680, 14, 22, 17, 31, 10),
(4681, 18, 2, 17, 32, 9),
(4682, 16, 7, 17, 33, 8),
(4683, 28, 14, 17, 34, 7),
(4684, 36, 4, 17, 35, 6),
(4685, 34, 10, 17, 36, 5),
(4686, 33, 2, 18, 1, 40),
(4687, 21, 5, 18, 2, 39),
(4688, 18, 2, 18, 3, 38),
(4689, 1, 4, 18, 4, 37),
(4690, 23, 8, 18, 5, 36),
(4691, 31, 1, 18, 6, 35),
(4692, 7, 10, 18, 7, 34),
(4693, 24, 6, 18, 8, 33),
(4694, 22, 1, 18, 9, 32),
(4695, 36, 4, 18, 10, 31),
(4696, 25, 6, 18, 11, 30),
(4697, 2, 3, 18, 12, 29),
(4698, 19, 13, 18, 13, 28),
(4699, 27, 14, 18, 14, 27),
(4700, 26, 9, 18, 15, 26),
(4701, 17, 2, 18, 16, 25),
(4702, 9, 1, 18, 17, 24),
(4703, 6, 7, 18, 18, 23),
(4704, 28, 14, 18, 19, 22),
(4705, 32, 22, 18, 20, 21),
(4706, 35, 10, 18, 21, 20),
(4707, 29, 5, 18, 22, 19),
(4708, 16, 7, 18, 23, 18),
(4709, 8, 11, 18, 24, 17),
(4710, 10, 9, 18, 25, 16),
(4711, 5, 1, 18, 26, 15),
(4712, 11, 2, 18, 27, 14),
(4713, 30, 12, 18, 28, 13),
(4714, 14, 22, 18, 29, 12),
(4715, 20, 3, 18, 30, 11),
(4716, 3, 11, 18, 31, 10),
(4717, 12, 3, 18, 32, 9),
(4718, 34, 10, 18, 33, 8),
(4719, 4, 9, 18, 34, 7),
(4720, 13, 9, 18, 35, 6),
(4721, 15, 8, 18, 36, 5),
(4722, 13, 9, 19, 1, 40),
(4723, 19, 13, 19, 2, 39),
(4724, 14, 22, 19, 3, 38),
(4725, 17, 2, 19, 4, 37),
(4726, 7, 10, 19, 5, 36),
(4727, 1, 4, 19, 6, 35),
(4728, 28, 14, 19, 7, 34),
(4729, 33, 2, 19, 8, 33),
(4730, 3, 11, 19, 9, 32),
(4731, 10, 9, 19, 10, 31),
(4732, 15, 8, 19, 11, 30),
(4733, 24, 6, 19, 12, 29),
(4734, 22, 1, 19, 13, 28),
(4735, 9, 1, 19, 14, 27),
(4736, 21, 5, 19, 15, 26),
(4737, 18, 2, 19, 16, 25),
(4738, 36, 4, 19, 17, 24),
(4739, 5, 1, 19, 18, 23),
(4740, 26, 9, 19, 19, 22),
(4741, 32, 22, 19, 20, 21),
(4742, 34, 10, 19, 21, 20),
(4743, 6, 7, 19, 22, 19),
(4744, 20, 3, 19, 23, 18),
(4745, 27, 14, 19, 24, 17),
(4746, 29, 5, 19, 25, 16),
(4747, 35, 10, 19, 26, 15),
(4748, 12, 3, 19, 27, 14),
(4749, 23, 8, 19, 28, 13),
(4750, 2, 3, 19, 29, 12),
(4751, 4, 9, 19, 30, 11),
(4752, 16, 7, 19, 31, 10),
(4753, 31, 1, 19, 32, 9),
(4754, 8, 11, 19, 33, 8),
(4755, 11, 2, 19, 34, 7),
(4756, 25, 6, 19, 35, 6),
(4757, 30, 12, 19, 36, 5),
(4758, 35, 10, 20, 1, 40),
(4759, 8, 11, 20, 2, 39),
(4760, 10, 9, 20, 3, 38),
(4761, 20, 3, 20, 4, 37),
(4762, 21, 5, 20, 5, 36),
(4763, 13, 9, 20, 6, 35),
(4764, 15, 8, 20, 7, 34),
(4765, 1, 4, 20, 8, 33),
(4766, 6, 7, 20, 9, 32),
(4767, 31, 1, 20, 10, 31),
(4768, 22, 1, 20, 11, 30),
(4769, 7, 10, 20, 12, 29),
(4770, 34, 10, 20, 13, 28),
(4771, 30, 12, 20, 14, 27),
(4772, 18, 2, 20, 15, 26),
(4773, 29, 5, 20, 16, 25),
(4774, 36, 4, 20, 17, 24),
(4775, 4, 9, 20, 18, 23),
(4776, 14, 22, 20, 19, 22),
(4777, 12, 3, 20, 20, 21),
(4778, 5, 1, 20, 21, 20),
(4779, 23, 8, 20, 22, 19),
(4780, 32, 22, 20, 23, 18),
(4781, 19, 13, 20, 24, 17),
(4782, 16, 7, 20, 25, 16),
(4783, 28, 14, 20, 26, 15),
(4784, 26, 9, 20, 27, 14),
(4785, 17, 2, 20, 28, 13),
(4786, 3, 11, 20, 29, 12),
(4787, 25, 6, 20, 30, 11),
(4788, 27, 14, 20, 31, 10),
(4789, 24, 6, 20, 32, 9),
(4790, 33, 2, 20, 33, 8),
(4791, 11, 2, 20, 34, 7),
(4792, 2, 3, 20, 35, 6),
(4793, 9, 1, 20, 36, 5),
(4794, 34, 10, 21, 1, 40),
(4795, 20, 3, 21, 2, 39),
(4796, 2, 3, 21, 3, 38),
(4797, 23, 8, 21, 4, 37),
(4798, 36, 4, 21, 5, 36),
(4799, 17, 2, 21, 6, 35),
(4800, 10, 9, 21, 7, 34),
(4801, 24, 6, 21, 8, 33),
(4802, 21, 5, 21, 9, 32),
(4803, 7, 10, 21, 10, 31),
(4804, 12, 3, 21, 11, 30),
(4805, 32, 22, 21, 12, 29),
(4806, 3, 11, 21, 13, 28),
(4807, 28, 14, 21, 14, 27),
(4808, 14, 22, 21, 15, 26),
(4809, 26, 9, 21, 16, 25),
(4810, 1, 4, 21, 17, 24),
(4811, 11, 2, 21, 18, 23),
(4812, 16, 7, 21, 19, 22),
(4813, 19, 13, 21, 20, 21),
(4814, 25, 6, 21, 21, 20),
(4815, 30, 12, 21, 22, 19),
(4816, 5, 1, 21, 23, 18),
(4817, 35, 10, 21, 24, 17),
(4818, 9, 1, 21, 25, 16),
(4819, 8, 11, 21, 26, 15),
(4820, 31, 1, 21, 27, 14),
(4821, 15, 8, 21, 28, 13),
(4822, 13, 9, 21, 29, 12),
(4823, 27, 14, 21, 30, 11),
(4824, 29, 5, 21, 31, 10),
(4825, 6, 7, 21, 32, 9),
(4826, 22, 1, 21, 33, 8),
(4827, 33, 2, 21, 34, 7),
(4828, 18, 2, 21, 35, 6),
(4829, 4, 9, 21, 36, 5),
(4830, 14, 22, 22, 1, 40),
(4831, 31, 1, 22, 2, 39),
(4832, 6, 7, 22, 3, 38),
(4833, 13, 9, 22, 4, 37),
(4834, 32, 22, 22, 5, 36),
(4835, 19, 13, 22, 6, 35),
(4836, 12, 3, 22, 7, 34),
(4837, 5, 1, 22, 8, 33),
(4838, 2, 3, 22, 9, 32),
(4839, 36, 4, 22, 10, 31),
(4840, 17, 2, 22, 11, 30),
(4841, 4, 9, 22, 12, 29),
(4842, 33, 2, 22, 13, 28),
(4843, 1, 4, 22, 14, 27),
(4844, 7, 10, 22, 15, 26),
(4845, 21, 5, 22, 16, 25),
(4846, 20, 3, 22, 17, 24),
(4847, 9, 1, 22, 18, 23),
(4848, 22, 1, 22, 19, 22),
(4849, 28, 14, 22, 20, 21),
(4850, 34, 10, 22, 21, 20),
(4851, 35, 10, 22, 22, 19),
(4852, 25, 6, 22, 23, 18),
(4853, 30, 12, 22, 24, 17),
(4854, 11, 2, 22, 25, 16),
(4855, 15, 8, 22, 26, 15),
(4856, 26, 9, 22, 27, 14),
(4857, 18, 2, 22, 28, 13),
(4858, 8, 11, 22, 29, 12),
(4859, 27, 14, 22, 30, 11),
(4860, 16, 7, 22, 31, 10),
(4861, 24, 6, 22, 32, 9),
(4862, 3, 11, 22, 33, 8),
(4863, 23, 8, 22, 34, 7),
(4864, 29, 5, 22, 35, 6),
(4865, 10, 9, 22, 36, 5),
(4866, 9, 1, 23, 1, 40),
(4867, 16, 7, 23, 2, 39),
(4868, 7, 10, 23, 3, 38),
(4869, 2, 3, 23, 4, 37),
(4870, 17, 2, 23, 5, 36),
(4871, 18, 2, 23, 6, 35),
(4872, 11, 2, 23, 7, 34),
(4873, 23, 8, 23, 8, 33),
(4874, 34, 10, 23, 9, 32),
(4875, 20, 3, 23, 10, 31),
(4876, 15, 8, 23, 11, 30),
(4877, 27, 14, 23, 12, 29),
(4878, 31, 1, 23, 13, 28),
(4879, 6, 7, 23, 14, 27),
(4880, 32, 22, 23, 15, 26),
(4881, 5, 1, 23, 16, 25),
(4882, 8, 11, 23, 17, 24),
(4883, 10, 9, 23, 18, 23),
(4884, 26, 9, 23, 19, 22),
(4885, 36, 4, 23, 20, 21),
(4886, 12, 3, 23, 21, 20),
(4887, 35, 10, 23, 22, 19),
(4888, 33, 2, 23, 23, 18),
(4889, 13, 9, 23, 24, 17),
(4890, 24, 6, 23, 25, 16),
(4891, 14, 22, 23, 26, 15),
(4892, 25, 6, 23, 27, 14),
(4893, 30, 12, 23, 28, 13),
(4894, 3, 11, 23, 29, 12),
(4895, 22, 1, 23, 30, 11),
(4896, 19, 13, 23, 31, 10),
(4897, 21, 5, 23, 32, 9),
(4898, 28, 14, 23, 33, 8),
(4899, 4, 9, 23, 34, 7),
(4900, 1, 4, 23, 35, 6),
(4901, 29, 5, 23, 36, 5),
(4902, 16, 7, 24, 1, 40),
(4903, 9, 1, 24, 2, 39),
(4904, 12, 3, 24, 3, 38),
(4905, 30, 12, 24, 4, 37),
(4906, 32, 22, 24, 5, 36),
(4907, 22, 1, 24, 6, 35),
(4908, 18, 2, 24, 7, 34),
(4909, 36, 4, 24, 8, 33),
(4910, 3, 11, 24, 9, 32),
(4911, 31, 1, 24, 10, 31),
(4912, 14, 22, 24, 11, 30),
(4913, 1, 4, 24, 12, 29),
(4914, 15, 8, 24, 13, 28),
(4915, 8, 11, 24, 14, 27),
(4916, 4, 9, 24, 15, 26),
(4917, 27, 14, 24, 16, 25),
(4918, 5, 1, 24, 17, 24),
(4919, 11, 2, 24, 18, 23),
(4920, 34, 10, 24, 19, 22),
(4921, 7, 10, 24, 20, 21),
(4922, 33, 2, 24, 21, 20),
(4923, 6, 7, 24, 22, 19),
(4924, 19, 13, 24, 23, 18),
(4925, 21, 5, 24, 24, 17),
(4926, 17, 2, 24, 25, 16),
(4927, 2, 3, 24, 26, 15),
(4928, 10, 9, 24, 27, 14),
(4929, 20, 3, 24, 28, 13),
(4930, 29, 5, 24, 29, 12),
(4931, 25, 6, 24, 30, 11),
(4932, 24, 6, 24, 31, 10),
(4933, 23, 8, 24, 32, 9),
(4934, 26, 9, 24, 33, 8),
(4935, 13, 9, 24, 34, 7),
(4936, 35, 10, 24, 35, 6),
(4937, 28, 14, 24, 36, 5),
(4938, 5, 1, 25, 1, 40),
(4939, 23, 8, 25, 2, 39),
(4940, 22, 1, 25, 3, 38),
(4941, 2, 3, 25, 4, 37),
(4942, 10, 9, 25, 5, 36),
(4943, 14, 22, 25, 6, 35),
(4944, 29, 5, 25, 7, 34),
(4945, 30, 12, 25, 8, 33),
(4946, 32, 22, 25, 9, 32),
(4947, 4, 9, 25, 10, 31),
(4948, 7, 10, 25, 11, 30),
(4949, 27, 14, 25, 12, 29),
(4950, 24, 6, 25, 13, 28),
(4951, 13, 9, 25, 14, 27),
(4952, 18, 2, 25, 15, 26),
(4953, 12, 3, 25, 16, 25),
(4954, 21, 5, 25, 17, 24),
(4955, 34, 10, 25, 18, 23),
(4956, 25, 6, 25, 19, 22),
(4957, 35, 10, 25, 20, 21),
(4958, 36, 4, 25, 21, 20),
(4959, 6, 7, 25, 22, 19),
(4960, 19, 13, 25, 23, 18),
(4961, 31, 1, 25, 24, 17),
(4962, 17, 2, 25, 25, 16),
(4963, 1, 4, 25, 26, 15),
(4964, 11, 2, 25, 27, 14),
(4965, 28, 14, 25, 28, 13),
(4966, 15, 8, 25, 29, 12),
(4967, 3, 11, 25, 30, 11),
(4968, 8, 11, 25, 31, 10),
(4969, 33, 2, 25, 32, 9),
(4970, 16, 7, 25, 33, 8),
(4971, 26, 9, 25, 34, 7),
(4972, 9, 1, 25, 35, 6),
(4973, 20, 3, 25, 36, 5),
(4974, 3, 11, 26, 1, 40),
(4975, 21, 5, 26, 2, 39),
(4976, 25, 6, 26, 3, 38),
(4977, 30, 12, 26, 4, 37),
(4978, 13, 9, 26, 5, 36),
(4979, 16, 7, 26, 6, 35),
(4980, 32, 22, 26, 7, 34),
(4981, 23, 8, 26, 8, 33),
(4982, 1, 4, 26, 9, 32),
(4983, 8, 11, 26, 10, 31),
(4984, 19, 13, 26, 11, 30),
(4985, 35, 10, 26, 12, 29),
(4986, 4, 9, 26, 13, 28),
(4987, 12, 3, 26, 14, 27),
(4988, 29, 5, 26, 15, 26),
(4989, 33, 2, 26, 16, 25),
(4990, 28, 14, 26, 17, 24),
(4991, 10, 9, 26, 18, 23),
(4992, 36, 4, 26, 19, 22),
(4993, 6, 7, 26, 20, 21),
(4994, 34, 10, 26, 21, 20),
(4995, 17, 2, 26, 22, 19),
(4996, 5, 1, 26, 23, 18),
(4997, 20, 3, 26, 24, 17),
(4998, 27, 14, 26, 25, 16),
(4999, 18, 2, 26, 26, 15),
(5000, 24, 6, 26, 27, 14),
(5001, 26, 9, 26, 28, 13),
(5002, 15, 8, 26, 29, 12),
(5003, 11, 2, 26, 30, 11),
(5004, 7, 10, 26, 31, 10),
(5005, 22, 1, 26, 32, 9),
(5006, 31, 1, 26, 33, 8),
(5007, 14, 22, 26, 34, 7),
(5008, 2, 3, 26, 35, 6),
(5009, 9, 1, 26, 36, 5),
(5010, 19, 13, 27, 1, 40),
(5011, 12, 3, 27, 2, 39),
(5012, 11, 2, 27, 3, 38),
(5013, 33, 2, 27, 4, 37),
(5014, 7, 10, 27, 5, 36),
(5015, 29, 5, 27, 6, 35),
(5016, 2, 3, 27, 7, 34),
(5017, 15, 8, 27, 8, 33),
(5018, 36, 4, 27, 9, 32),
(5019, 4, 9, 27, 10, 31),
(5020, 5, 1, 27, 11, 30),
(5021, 16, 7, 27, 12, 29),
(5022, 21, 5, 27, 13, 28),
(5023, 23, 8, 27, 14, 27),
(5024, 3, 11, 27, 15, 26),
(5025, 13, 9, 27, 16, 25),
(5026, 31, 1, 27, 17, 24),
(5027, 14, 22, 27, 18, 23),
(5028, 32, 22, 27, 19, 22),
(5029, 35, 10, 27, 20, 21),
(5030, 10, 9, 27, 21, 20),
(5031, 34, 10, 27, 22, 19),
(5032, 20, 3, 27, 23, 18),
(5033, 9, 1, 27, 24, 17),
(5034, 17, 2, 27, 25, 16),
(5035, 22, 1, 27, 26, 15),
(5036, 25, 6, 27, 27, 14),
(5037, 26, 9, 27, 28, 13),
(5038, 18, 2, 27, 29, 12),
(5039, 30, 12, 27, 30, 11),
(5040, 27, 14, 27, 31, 10),
(5041, 1, 4, 27, 32, 9),
(5042, 24, 6, 27, 33, 8),
(5043, 8, 11, 27, 34, 7),
(5044, 6, 7, 27, 35, 6),
(5045, 28, 14, 27, 36, 5),
(5046, 32, 22, 28, 1, 40),
(5047, 5, 1, 28, 2, 39),
(5048, 14, 22, 28, 3, 38),
(5049, 31, 1, 28, 4, 37),
(5050, 8, 11, 28, 5, 36),
(5051, 7, 10, 28, 6, 35),
(5052, 19, 13, 28, 7, 34),
(5053, 34, 10, 28, 8, 33),
(5054, 21, 5, 28, 9, 32),
(5055, 26, 9, 28, 10, 31),
(5056, 11, 2, 28, 11, 30),
(5057, 22, 1, 28, 12, 29),
(5058, 16, 7, 28, 13, 28),
(5059, 29, 5, 28, 14, 27),
(5060, 2, 3, 28, 15, 26),
(5061, 28, 14, 28, 16, 25),
(5062, 6, 7, 28, 17, 24),
(5063, 20, 3, 28, 18, 23),
(5064, 13, 9, 28, 19, 22),
(5065, 18, 2, 28, 20, 21),
(5066, 12, 3, 28, 21, 20),
(5067, 30, 12, 28, 22, 19),
(5068, 9, 1, 28, 23, 18),
(5069, 17, 2, 28, 24, 17),
(5070, 35, 10, 28, 25, 16),
(5071, 15, 8, 28, 26, 15),
(5072, 27, 14, 28, 27, 14),
(5073, 3, 11, 28, 28, 13),
(5074, 4, 9, 28, 29, 12),
(5075, 25, 6, 28, 30, 11),
(5076, 24, 6, 28, 31, 10),
(5077, 36, 4, 28, 32, 9),
(5078, 10, 9, 28, 33, 8),
(5079, 33, 2, 28, 34, 7),
(5080, 23, 8, 28, 35, 6),
(5081, 1, 4, 28, 36, 5),
(5082, 5, 1, 29, 1, 40),
(5083, 25, 6, 29, 2, 39),
(5084, 36, 4, 29, 3, 38),
(5085, 1, 4, 29, 4, 37),
(5086, 7, 10, 29, 5, 36),
(5087, 26, 9, 29, 6, 35),
(5088, 15, 8, 29, 7, 34),
(5089, 31, 1, 29, 8, 33),
(5090, 20, 3, 29, 9, 32),
(5091, 32, 22, 29, 10, 31),
(5092, 34, 10, 29, 11, 30),
(5093, 16, 7, 29, 12, 29),
(5094, 6, 7, 29, 13, 28),
(5095, 14, 22, 29, 14, 27),
(5096, 9, 1, 29, 15, 26),
(5097, 8, 11, 29, 16, 25),
(5098, 24, 6, 29, 17, 24),
(5099, 17, 2, 29, 18, 23),
(5100, 22, 1, 29, 19, 22),
(5101, 18, 2, 29, 20, 21),
(5102, 21, 5, 29, 21, 20),
(5103, 2, 3, 29, 22, 19),
(5104, 11, 2, 29, 23, 18),
(5105, 30, 12, 29, 24, 17),
(5106, 23, 8, 29, 25, 16),
(5107, 28, 14, 29, 26, 15),
(5108, 29, 5, 29, 27, 14),
(5109, 10, 9, 29, 28, 13),
(5110, 13, 9, 29, 29, 12),
(5111, 3, 11, 29, 30, 11),
(5112, 27, 14, 29, 31, 10),
(5113, 12, 3, 29, 32, 9),
(5114, 33, 2, 29, 33, 8),
(5115, 4, 9, 29, 34, 7),
(5116, 35, 10, 29, 35, 6),
(5117, 19, 13, 29, 36, 5),
(5118, 3, 11, 30, 1, 40),
(5119, 1, 4, 30, 2, 39),
(5120, 5, 1, 30, 3, 38),
(5121, 29, 5, 30, 4, 37),
(5122, 25, 6, 30, 5, 36),
(5123, 28, 14, 30, 6, 35),
(5124, 20, 3, 30, 7, 34),
(5125, 22, 1, 30, 8, 33),
(5126, 32, 22, 30, 9, 32),
(5127, 23, 8, 30, 10, 31),
(5128, 18, 2, 30, 11, 30),
(5129, 2, 3, 30, 12, 29),
(5130, 30, 12, 30, 13, 28),
(5131, 17, 2, 30, 14, 27),
(5132, 7, 10, 30, 15, 26),
(5133, 4, 9, 30, 16, 25),
(5134, 35, 10, 30, 17, 24),
(5135, 8, 11, 30, 18, 23),
(5136, 12, 3, 30, 19, 22),
(5137, 33, 2, 30, 20, 21),
(5138, 14, 22, 30, 21, 20),
(5139, 15, 8, 30, 22, 19),
(5140, 11, 2, 30, 23, 18),
(5141, 6, 7, 30, 24, 17),
(5142, 26, 9, 30, 25, 16),
(5143, 16, 7, 30, 26, 15),
(5144, 21, 5, 30, 27, 14),
(5145, 27, 14, 30, 28, 13),
(5146, 19, 13, 30, 29, 12),
(5147, 36, 4, 30, 30, 11),
(5148, 24, 6, 30, 31, 10),
(5149, 31, 1, 30, 32, 9),
(5150, 10, 9, 30, 33, 8),
(5151, 34, 10, 30, 34, 7),
(5152, 9, 1, 30, 35, 6),
(5153, 13, 9, 30, 36, 5),
(5154, 4, 9, 31, 1, 40),
(5155, 2, 3, 31, 2, 39),
(5156, 13, 9, 31, 3, 38),
(5157, 8, 11, 31, 4, 37),
(5158, 9, 1, 31, 5, 36),
(5159, 32, 22, 31, 6, 35),
(5160, 16, 7, 31, 7, 34),
(5161, 24, 6, 31, 8, 33),
(5162, 23, 8, 31, 9, 32),
(5163, 1, 4, 31, 10, 31),
(5164, 34, 10, 31, 11, 30),
(5165, 19, 13, 31, 12, 29),
(5166, 3, 11, 31, 13, 28),
(5167, 21, 5, 31, 14, 27),
(5168, 17, 2, 31, 15, 26),
(5169, 7, 10, 31, 16, 25),
(5170, 22, 1, 31, 17, 24),
(5171, 29, 5, 31, 18, 23),
(5172, 10, 9, 31, 19, 22),
(5173, 36, 4, 31, 20, 21),
(5174, 5, 1, 31, 21, 20),
(5175, 12, 3, 31, 22, 19),
(5176, 30, 12, 31, 23, 18),
(5177, 6, 7, 31, 24, 17),
(5178, 33, 2, 31, 25, 16),
(5179, 31, 1, 31, 26, 15),
(5180, 26, 9, 31, 27, 14),
(5181, 27, 14, 31, 28, 13),
(5182, 18, 2, 31, 29, 12),
(5183, 14, 22, 31, 30, 11),
(5184, 25, 6, 31, 31, 10),
(5185, 35, 10, 31, 32, 9),
(5186, 11, 2, 31, 33, 8),
(5187, 15, 8, 31, 34, 7),
(5188, 20, 3, 31, 35, 6),
(5189, 28, 14, 31, 36, 5),
(5190, 10, 9, 32, 1, 40),
(5191, 4, 9, 32, 2, 39),
(5192, 36, 4, 32, 3, 38),
(5193, 29, 5, 32, 4, 37),
(5194, 35, 10, 32, 5, 36),
(5195, 16, 7, 32, 6, 35),
(5196, 7, 10, 32, 7, 34),
(5197, 27, 14, 32, 8, 33),
(5198, 34, 10, 32, 9, 32),
(5199, 26, 9, 32, 10, 31),
(5200, 17, 2, 32, 11, 30),
(5201, 22, 1, 32, 12, 29),
(5202, 15, 8, 32, 13, 28),
(5203, 18, 2, 32, 14, 27),
(5204, 19, 13, 32, 15, 26),
(5205, 32, 22, 32, 16, 25),
(5206, 5, 1, 32, 17, 24),
(5207, 33, 2, 32, 18, 23),
(5208, 9, 1, 32, 19, 22),
(5209, 2, 3, 32, 20, 21),
(5210, 24, 6, 32, 21, 20),
(5211, 13, 9, 32, 22, 19),
(5212, 12, 3, 32, 23, 18),
(5213, 21, 5, 32, 24, 17),
(5214, 30, 12, 32, 25, 16),
(5215, 11, 2, 32, 26, 15),
(5216, 20, 3, 32, 27, 14),
(5217, 25, 6, 32, 28, 13),
(5218, 31, 1, 32, 29, 12),
(5219, 14, 22, 32, 30, 11),
(5220, 3, 11, 32, 31, 10),
(5221, 8, 11, 32, 32, 9),
(5222, 28, 14, 32, 33, 8),
(5223, 23, 8, 32, 34, 7),
(5224, 6, 7, 32, 35, 6),
(5225, 1, 4, 32, 36, 5),
(5226, 25, 6, 33, 1, 40),
(5227, 29, 5, 33, 2, 39),
(5228, 30, 12, 33, 3, 38),
(5229, 35, 10, 33, 4, 37),
(5230, 27, 14, 33, 5, 36),
(5231, 34, 10, 33, 6, 35),
(5232, 4, 9, 33, 7, 34),
(5233, 31, 1, 33, 8, 33),
(5234, 12, 3, 33, 9, 32),
(5235, 18, 2, 33, 10, 31),
(5236, 28, 14, 33, 11, 30),
(5237, 14, 22, 33, 12, 29),
(5238, 33, 2, 33, 13, 28),
(5239, 13, 9, 33, 14, 27),
(5240, 7, 10, 33, 15, 26),
(5241, 20, 3, 33, 16, 25),
(5242, 2, 3, 33, 17, 24),
(5243, 21, 5, 33, 18, 23),
(5244, 9, 1, 33, 19, 22),
(5245, 26, 9, 33, 20, 21),
(5246, 5, 1, 33, 21, 20),
(5247, 23, 8, 33, 22, 19),
(5248, 8, 11, 33, 23, 18),
(5249, 36, 4, 33, 24, 17),
(5250, 15, 8, 33, 25, 16),
(5251, 3, 11, 33, 26, 15),
(5252, 6, 7, 33, 27, 14),
(5253, 17, 2, 33, 28, 13),
(5254, 19, 13, 33, 29, 12),
(5255, 22, 1, 33, 30, 11),
(5256, 11, 2, 33, 31, 10),
(5257, 24, 6, 33, 32, 9),
(5258, 1, 4, 33, 33, 8),
(5259, 16, 7, 33, 34, 7),
(5260, 10, 9, 33, 35, 6),
(5261, 32, 22, 33, 36, 5),
(5262, 30, 12, 34, 1, 40),
(5263, 16, 7, 34, 2, 39),
(5264, 27, 14, 34, 3, 38),
(5265, 22, 1, 34, 4, 37),
(5266, 14, 22, 34, 5, 36),
(5267, 19, 13, 34, 6, 35),
(5268, 32, 22, 34, 7, 34),
(5269, 4, 9, 34, 8, 33),
(5270, 18, 2, 34, 9, 32),
(5271, 8, 11, 34, 10, 31),
(5272, 5, 1, 34, 11, 30),
(5273, 21, 5, 34, 12, 29),
(5274, 13, 9, 34, 13, 28),
(5275, 3, 11, 34, 14, 27),
(5276, 7, 10, 34, 15, 26),
(5277, 24, 6, 34, 16, 25),
(5278, 33, 2, 34, 17, 24),
(5279, 29, 5, 34, 18, 23),
(5280, 17, 2, 34, 19, 22),
(5281, 10, 9, 34, 20, 21),
(5282, 35, 10, 34, 21, 20),
(5283, 15, 8, 34, 22, 19),
(5284, 20, 3, 34, 23, 18),
(5285, 31, 1, 34, 24, 17),
(5286, 2, 3, 34, 25, 16),
(5287, 11, 2, 34, 26, 15),
(5288, 1, 4, 34, 27, 14),
(5289, 6, 7, 34, 28, 13),
(5290, 26, 9, 34, 29, 12),
(5291, 36, 4, 34, 30, 11),
(5292, 9, 1, 34, 31, 10),
(5293, 25, 6, 34, 32, 9),
(5294, 28, 14, 34, 33, 8),
(5295, 23, 8, 34, 34, 7),
(5296, 34, 10, 34, 35, 6),
(5297, 12, 3, 34, 36, 5),
(5300, 36, 4, 36, 1, 40),
(5301, 33, 2, 36, 2, 35),
(5302, 5, 1, 36, 2, 35),
(5303, 26, 9, 36, 4, 33),
(5304, 31, 1, 36, 6, 31),
(5305, 2, 3, 36, 2, 35),
(5306, 3, 11, 36, 2, 35);

-- --------------------------------------------------------

--
-- Estructura de tabla para la tabla `usuarios`
--

CREATE TABLE `usuarios` (
  `usuario_id` int(11) NOT NULL,
  `nombre` varchar(40) NOT NULL,
  `apellido` varchar(40) NOT NULL,
  `usuario_nick` varchar(40) NOT NULL,
  `contraseña` varchar(40) NOT NULL,
  `tipo` enum('admin','usuario') DEFAULT NULL
) ENGINE=InnoDB DEFAULT CHARSET=latin1 COLLATE=latin1_spanish_ci;

--
-- Volcado de datos para la tabla `usuarios`
--

INSERT INTO `usuarios` (`usuario_id`, `nombre`, `apellido`, `usuario_nick`, `contraseña`, `tipo`) VALUES
(1, 'Pepe', 'Perez', 'Pepe', 'contra', 'admin');

--
-- Índices para tablas volcadas
--

--
-- Indices de la tabla `carreras`
--
ALTER TABLE `carreras`
  ADD PRIMARY KEY (`carrera_id`);

--
-- Indices de la tabla `equipos`
--
ALTER TABLE `equipos`
  ADD PRIMARY KEY (`Equipo_id`);

--
-- Indices de la tabla `pilotos`
--
ALTER TABLE `pilotos`
  ADD PRIMARY KEY (`Piloto_id`),
  ADD KEY `FK_PilotoEquipo` (`Equipo_id`);

--
-- Indices de la tabla `premios`
--
ALTER TABLE `premios`
  ADD PRIMARY KEY (`Premio_id`),
  ADD KEY `FK_PremiosEquipo` (`Equipo_id`),
  ADD KEY `FK_PremiosPiloto` (`Piloto_id`);

--
-- Indices de la tabla `resultados`
--
ALTER TABLE `resultados`
  ADD PRIMARY KEY (`Resultado_id`),
  ADD KEY `FK_ResultadosPiloto` (`Piloto_id`),
  ADD KEY `FK_ResultadosEquipos` (`Equipo_id`),
  ADD KEY `FK_ResultadosCarreras` (`Carrera_id`);

--
-- Indices de la tabla `usuarios`
--
ALTER TABLE `usuarios`
  ADD PRIMARY KEY (`usuario_id`);

--
-- AUTO_INCREMENT de las tablas volcadas
--

--
-- AUTO_INCREMENT de la tabla `carreras`
--
ALTER TABLE `carreras`
  MODIFY `carrera_id` int(11) NOT NULL AUTO_INCREMENT, AUTO_INCREMENT=37;

--
-- AUTO_INCREMENT de la tabla `equipos`
--
ALTER TABLE `equipos`
  MODIFY `Equipo_id` int(11) NOT NULL AUTO_INCREMENT, AUTO_INCREMENT=27;

--
-- AUTO_INCREMENT de la tabla `pilotos`
--
ALTER TABLE `pilotos`
  MODIFY `Piloto_id` int(11) NOT NULL AUTO_INCREMENT, AUTO_INCREMENT=106;

--
-- AUTO_INCREMENT de la tabla `premios`
--
ALTER TABLE `premios`
  MODIFY `Premio_id` int(11) NOT NULL AUTO_INCREMENT, AUTO_INCREMENT=5;

--
-- AUTO_INCREMENT de la tabla `resultados`
--
ALTER TABLE `resultados`
  MODIFY `Resultado_id` int(11) NOT NULL AUTO_INCREMENT, AUTO_INCREMENT=5307;

--
-- AUTO_INCREMENT de la tabla `usuarios`
--
ALTER TABLE `usuarios`
  MODIFY `usuario_id` int(11) NOT NULL AUTO_INCREMENT, AUTO_INCREMENT=2;

--
-- Restricciones para tablas volcadas
--

--
-- Filtros para la tabla `pilotos`
--
ALTER TABLE `pilotos`
  ADD CONSTRAINT `FK_PilotoEquipo` FOREIGN KEY (`Equipo_id`) REFERENCES `equipos` (`Equipo_id`) ON DELETE CASCADE;

--
-- Filtros para la tabla `premios`
--
ALTER TABLE `premios`
  ADD CONSTRAINT `FK_PremiosEquipo` FOREIGN KEY (`Equipo_id`) REFERENCES `equipos` (`Equipo_id`) ON DELETE CASCADE,
  ADD CONSTRAINT `FK_PremiosPiloto` FOREIGN KEY (`Piloto_id`) REFERENCES `pilotos` (`Piloto_id`) ON DELETE CASCADE;

--
-- Filtros para la tabla `resultados`
--
ALTER TABLE `resultados`
  ADD CONSTRAINT `FK_ResultadosCarreras` FOREIGN KEY (`Carrera_id`) REFERENCES `carreras` (`carrera_id`) ON DELETE CASCADE,
  ADD CONSTRAINT `FK_ResultadosEquipos` FOREIGN KEY (`Equipo_id`) REFERENCES `equipos` (`Equipo_id`) ON DELETE CASCADE,
  ADD CONSTRAINT `FK_ResultadosPiloto` FOREIGN KEY (`Piloto_id`) REFERENCES `pilotos` (`Piloto_id`) ON DELETE CASCADE;
COMMIT;

/*!40101 SET CHARACTER_SET_CLIENT=@OLD_CHARACTER_SET_CLIENT */;
/*!40101 SET CHARACTER_SET_RESULTS=@OLD_CHARACTER_SET_RESULTS */;
/*!40101 SET COLLATION_CONNECTION=@OLD_COLLATION_CONNECTION */;
